raw_conf_decile,mean_raw_conf,mean_abs_err,mean_sales,n,calibrated_accuracy
0,36.842485244013915,6.956445579291228,18.140625,448,61.65266864128866
1,56.31990036846075,4.761027799507991,13.359375,448,64.36189717327352
2,65.4120557991398,4.153395796154476,11.535714285714286,448,63.995330559651606
3,71.53642938711246,3.200261992706519,9.977678571428571,448,67.92578584491005
4,82.8508570487201,2.104676252847715,6.649553571428571,448,68.34860821497897
